{"cameraMode":{"drawMode":0,"name":"Shaded","section":"Shading Mode"},"sceneLighting":true,"audioPlay":false,"sceneViewState":{"m_AlwaysRefresh":false,"showFog":true,"showSkybox":true,"showFlares":true,"showImageEffects":true,"showParticleSystems":true,"showVisualEffectGraphs":true,"m_FxEnabled":true},"in2DMode":false,"pivot":{"x":-41.23352813720703,"y":-13.782857894897461,"z":29.722211837768556},"rotation":{"x":-0.02126304805278778,"y":0.06503664702177048,"z":-0.0013857291778549553,"w":-0.9976586699485779},"size":1.431469440460205,"orthographic":false}